[{"model": "auth.permission", "pk": 1, "fields": {"name": "Can add log entry", "content_type": 1, "codename": "add_logentry"}}, {"model": "auth.permission", "pk": 2, "fields": {"name": "Can change log entry", "content_type": 1, "codename": "change_logentry"}}, {"model": "auth.permission", "pk": 3, "fields": {"name": "Can delete log entry", "content_type": 1, "codename": "delete_logentry"}}, {"model": "auth.permission", "pk": 4, "fields": {"name": "Can view log entry", "content_type": 1, "codename": "view_logentry"}}, {"model": "auth.permission", "pk": 5, "fields": {"name": "Can add permission", "content_type": 2, "codename": "add_permission"}}, {"model": "auth.permission", "pk": 6, "fields": {"name": "Can change permission", "content_type": 2, "codename": "change_permission"}}, {"model": "auth.permission", "pk": 7, "fields": {"name": "Can delete permission", "content_type": 2, "codename": "delete_permission"}}, {"model": "auth.permission", "pk": 8, "fields": {"name": "Can view permission", "content_type": 2, "codename": "view_permission"}}, {"model": "auth.permission", "pk": 9, "fields": {"name": "Can add group", "content_type": 3, "codename": "add_group"}}, {"model": "auth.permission", "pk": 10, "fields": {"name": "Can change group", "content_type": 3, "codename": "change_group"}}, {"model": "auth.permission", "pk": 11, "fields": {"name": "Can delete group", "content_type": 3, "codename": "delete_group"}}, {"model": "auth.permission", "pk": 12, "fields": {"name": "Can view group", "content_type": 3, "codename": "view_group"}}, {"model": "auth.permission", "pk": 13, "fields": {"name": "Can add content type", "content_type": 4, "codename": "add_contenttype"}}, {"model": "auth.permission", "pk": 14, "fields": {"name": "Can change content type", "content_type": 4, "codename": "change_contenttype"}}, {"model": "auth.permission", "pk": 15, "fields": {"name": "Can delete content type", "content_type": 4, "codename": "delete_contenttype"}}, {"model": "auth.permission", "pk": 16, "fields": {"name": "Can view content type", "content_type": 4, "codename": "view_contenttype"}}, {"model": "auth.permission", "pk": 17, "fields": {"name": "Can add session", "content_type": 5, "codename": "add_session"}}, {"model": "auth.permission", "pk": 18, "fields": {"name": "Can change session", "content_type": 5, "codename": "change_session"}}, {"model": "auth.permission", "pk": 19, "fields": {"name": "Can delete session", "content_type": 5, "codename": "delete_session"}}, {"model": "auth.permission", "pk": 20, "fields": {"name": "Can view session", "content_type": 5, "codename": "view_session"}}, {"model": "auth.permission", "pk": 21, "fields": {"name": "Can add astronomy show", "content_type": 6, "codename": "add_astronomyshow"}}, {"model": "auth.permission", "pk": 22, "fields": {"name": "Can change astronomy show", "content_type": 6, "codename": "change_astronomyshow"}}, {"model": "auth.permission", "pk": 23, "fields": {"name": "Can delete astronomy show", "content_type": 6, "codename": "delete_astronomyshow"}}, {"model": "auth.permission", "pk": 24, "fields": {"name": "Can view astronomy show", "content_type": 6, "codename": "view_astronomyshow"}}, {"model": "auth.permission", "pk": 25, "fields": {"name": "Can add planetarium dome", "content_type": 7, "codename": "add_planetariumdome"}}, {"model": "auth.permission", "pk": 26, "fields": {"name": "Can change planetarium dome", "content_type": 7, "codename": "change_planetariumdome"}}, {"model": "auth.permission", "pk": 27, "fields": {"name": "Can delete planetarium dome", "content_type": 7, "codename": "delete_planetariumdome"}}, {"model": "auth.permission", "pk": 28, "fields": {"name": "Can view planetarium dome", "content_type": 7, "codename": "view_planetariumdome"}}, {"model": "auth.permission", "pk": 29, "fields": {"name": "Can add reservation", "content_type": 8, "codename": "add_reservation"}}, {"model": "auth.permission", "pk": 30, "fields": {"name": "Can change reservation", "content_type": 8, "codename": "change_reservation"}}, {"model": "auth.permission", "pk": 31, "fields": {"name": "Can delete reservation", "content_type": 8, "codename": "delete_reservation"}}, {"model": "auth.permission", "pk": 32, "fields": {"name": "Can view reservation", "content_type": 8, "codename": "view_reservation"}}, {"model": "auth.permission", "pk": 33, "fields": {"name": "Can add show session", "content_type": 9, "codename": "add_showsession"}}, {"model": "auth.permission", "pk": 34, "fields": {"name": "Can change show session", "content_type": 9, "codename": "change_showsession"}}, {"model": "auth.permission", "pk": 35, "fields": {"name": "Can delete show session", "content_type": 9, "codename": "delete_showsession"}}, {"model": "auth.permission", "pk": 36, "fields": {"name": "Can view show session", "content_type": 9, "codename": "view_showsession"}}, {"model": "auth.permission", "pk": 37, "fields": {"name": "Can add show theme", "content_type": 10, "codename": "add_showtheme"}}, {"model": "auth.permission", "pk": 38, "fields": {"name": "Can change show theme", "content_type": 10, "codename": "change_showtheme"}}, {"model": "auth.permission", "pk": 39, "fields": {"name": "Can delete show theme", "content_type": 10, "codename": "delete_showtheme"}}, {"model": "auth.permission", "pk": 40, "fields": {"name": "Can view show theme", "content_type": 10, "codename": "view_showtheme"}}, {"model": "auth.permission", "pk": 41, "fields": {"name": "Can add ticket", "content_type": 11, "codename": "add_ticket"}}, {"model": "auth.permission", "pk": 42, "fields": {"name": "Can change ticket", "content_type": 11, "codename": "change_ticket"}}, {"model": "auth.permission", "pk": 43, "fields": {"name": "Can delete ticket", "content_type": 11, "codename": "delete_ticket"}}, {"model": "auth.permission", "pk": 44, "fields": {"name": "Can view ticket", "content_type": 11, "codename": "view_ticket"}}, {"model": "auth.permission", "pk": 45, "fields": {"name": "Can add user", "content_type": 12, "codename": "add_user"}}, {"model": "auth.permission", "pk": 46, "fields": {"name": "Can change user", "content_type": 12, "codename": "change_user"}}, {"model": "auth.permission", "pk": 47, "fields": {"name": "Can delete user", "content_type": 12, "codename": "delete_user"}}, {"model": "auth.permission", "pk": 48, "fields": {"name": "Can view user", "content_type": 12, "codename": "view_user"}}, {"model": "contenttypes.contenttype", "pk": 1, "fields": {"app_label": "admin", "model": "logentry"}}, {"model": "contenttypes.contenttype", "pk": 2, "fields": {"app_label": "auth", "model": "permission"}}, {"model": "contenttypes.contenttype", "pk": 3, "fields": {"app_label": "auth", "model": "group"}}, {"model": "contenttypes.contenttype", "pk": 4, "fields": {"app_label": "contenttypes", "model": "contenttype"}}, {"model": "contenttypes.contenttype", "pk": 5, "fields": {"app_label": "sessions", "model": "session"}}, {"model": "contenttypes.contenttype", "pk": 6, "fields": {"app_label": "planetarium", "model": "astronomyshow"}}, {"model": "contenttypes.contenttype", "pk": 7, "fields": {"app_label": "planetarium", "model": "planetariumdome"}}, {"model": "contenttypes.contenttype", "pk": 8, "fields": {"app_label": "planetarium", "model": "reservation"}}, {"model": "contenttypes.contenttype", "pk": 9, "fields": {"app_label": "planetarium", "model": "showsession"}}, {"model": "contenttypes.contenttype", "pk": 10, "fields": {"app_label": "planetarium", "model": "showtheme"}}, {"model": "contenttypes.contenttype", "pk": 11, "fields": {"app_label": "planetarium", "model": "ticket"}}, {"model": "contenttypes.contenttype", "pk": 12, "fields": {"app_label": "user", "model": "user"}}, {"model": "sessions.session", "pk": "7pl7tax92q1th0v8ry2yt3p4194nykmb", "fields": {"session_data": ".eJxVjMsOwiAQRf-FtSE8hgAu3fsNZGAGqRqalHZl_Hdt0oVu7znnvkTCbW1pG7ykicRZaHH63TKWB_cd0B37bZZl7usyZbkr8qBDXmfi5-Vw_w4ajvatIwUPTqGyTKZAjoFs0dkSMUcLVWVXwToOEYz2iFQVlqrA-AC6WCPeH-xSN_g:1qzFqz:oGDGOxR4sxYjT4bXh1ho-S-BhpPU2mI4SvRB3prOO6U", "expire_date": "2023-11-18T14:34:17.708"}}, {"model": "planetarium.showtheme", "pk": 1, "fields": {"name": "Dark Space"}}, {"model": "planetarium.showtheme", "pk": 2, "fields": {"name": "Dark matter"}}, {"model": "planetarium.showtheme", "pk": 3, "fields": {"name": "History of Mars"}}, {"model": "planetarium.showtheme", "pk": 4, "fields": {"name": "How our universe works"}}, {"model": "planetarium.showtheme", "pk": 5, "fields": {"name": "Black holes"}}, {"model": "planetarium.showtheme", "pk": 6, "fields": {"name": "How the moon appeared"}}, {"model": "planetarium.showtheme", "pk": 7, "fields": {"name": "Saturn's moons"}}, {"model": "planetarium.showtheme", "pk": 8, "fields": {"name": "Rings of Saturn"}}, {"model": "planetarium.showtheme", "pk": 9, "fields": {"name": "Jupiter is our protector"}}, {"model": "planetarium.showtheme", "pk": 10, "fields": {"name": "Climate on Venus"}}, {"model": "planetarium.showtheme", "pk": 11, "fields": {"name": "Pluto"}}, {"model": "planetarium.showtheme", "pk": 12, "fields": {"name": "Mercury"}}, {"model": "planetarium.showtheme", "pk": 13, "fields": {"name": "The Sun is the source of life"}}, {"model": "planetarium.showtheme", "pk": 14, "fields": {"name": "Our Earth"}}, {"model": "planetarium.showtheme", "pk": 15, "fields": {"name": "Mysterious Uranus"}}, {"model": "planetarium.showtheme", "pk": 16, "fields": {"name": "Neptune"}}, {"model": "planetarium.showtheme", "pk": 17, "fields": {"name": "Why is the Earth so good?"}}, {"model": "planetarium.showtheme", "pk": 18, "fields": {"name": "The dark side of the moon."}}, {"model": "planetarium.showtheme", "pk": 19, "fields": {"name": "Why the sky is blue?"}}, {"model": "planetarium.showtheme", "pk": 20, "fields": {"name": "Planets of our solar system."}}, {"model": "planetarium.showtheme", "pk": 21, "fields": {"name": "Milky Way."}}, {"model": "planetarium.showtheme", "pk": 22, "fields": {"name": "Quasars, Pulsars and Supernovas."}}, {"model": "planetarium.astronomyshow", "pk": 1, "fields": {"title": "Solar system. Part 1", "description": "The main planets of the solar system.", "show_themes": [3, 8, 9, 10, 11, 12, 14, 15, 16]}}, {"model": "planetarium.astronomyshow", "pk": 2, "fields": {"title": "Solar system. Part 2", "description": "Planetary satellites and other interesting details of our solar system.", "show_themes": [9, 13, 6, 7]}}, {"model": "planetarium.astronomyshow", "pk": 3, "fields": {"title": "Astronomy for children. Part 1", "description": "Interesting facts about our home.", "show_themes": [17, 18, 19]}}, {"model": "planetarium.astronomyshow", "pk": 4, "fields": {"title": "Astronomy for children. Part 2", "description": "Let's expand our knowledge about the world around us!", "show_themes": [20, 21]}}, {"model": "planetarium.astronomyshow", "pk": 5, "fields": {"title": "Our universe.", "description": "Fundamentals of the Universe.", "show_themes": [21, 4, 5]}}, {"model": "planetarium.astronomyshow", "pk": 6, "fields": {"title": "Deep Space.", "description": "What is in the depths of space.", "show_themes": [1, 2, 22]}}, {"model": "planetarium.planetariumdome", "pk": 1, "fields": {"name": "Middle dome", "rows": 7, "seats_in_row": 10}}, {"model": "planetarium.planetariumdome", "pk": 2, "fields": {"name": "Big dome", "rows": 12, "seats_in_row": 15}}, {"model": "planetarium.planetariumdome", "pk": 3, "fields": {"name": "Small dome", "rows": 5, "seats_in_row": 8}}, {"model": "planetarium.reservation", "pk": 1, "fields": {"created_at": "2023-11-04T14:22:47.870", "user": 3}}, {"model": "planetarium.reservation", "pk": 2, "fields": {"created_at": "2023-11-04T14:23:40.270", "user": 3}}, {"model": "planetarium.reservation", "pk": 3, "fields": {"created_at": "2023-11-04T14:24:32.177", "user": 3}}, {"model": "planetarium.reservation", "pk": 4, "fields": {"created_at": "2023-11-04T14:24:43.731", "user": 3}}, {"model": "planetarium.reservation", "pk": 5, "fields": {"created_at": "2023-11-04T14:24:52.683", "user": 3}}, {"model": "planetarium.reservation", "pk": 6, "fields": {"created_at": "2023-11-04T14:26:01.557", "user": 3}}, {"model": "planetarium.reservation", "pk": 7, "fields": {"created_at": "2023-11-04T14:26:14.702", "user": 3}}, {"model": "planetarium.reservation", "pk": 8, "fields": {"created_at": "2023-11-04T14:26:22.323", "user": 3}}, {"model": "planetarium.reservation", "pk": 9, "fields": {"created_at": "2023-11-04T14:26:38.599", "user": 3}}, {"model": "planetarium.reservation", "pk": 10, "fields": {"created_at": "2023-11-04T14:26:54.783", "user": 3}}, {"model": "planetarium.reservation", "pk": 11, "fields": {"created_at": "2023-11-04T14:27:11.818", "user": 3}}, {"model": "planetarium.reservation", "pk": 12, "fields": {"created_at": "2023-11-04T14:29:03.012", "user": 2}}, {"model": "planetarium.reservation", "pk": 13, "fields": {"created_at": "2023-11-04T14:30:00.752", "user": 2}}, {"model": "planetarium.reservation", "pk": 14, "fields": {"created_at": "2023-11-04T14:31:44.082", "user": 2}}, {"model": "planetarium.reservation", "pk": 15, "fields": {"created_at": "2023-11-04T14:31:51.562", "user": 2}}, {"model": "planetarium.reservation", "pk": 16, "fields": {"created_at": "2023-11-04T14:31:59.340", "user": 2}}, {"model": "planetarium.reservation", "pk": 17, "fields": {"created_at": "2023-11-04T14:32:05.725", "user": 2}}, {"model": "planetarium.reservation", "pk": 18, "fields": {"created_at": "2023-11-04T14:32:16.333", "user": 2}}, {"model": "planetarium.reservation", "pk": 19, "fields": {"created_at": "2023-11-04T14:32:25.740", "user": 2}}, {"model": "planetarium.reservation", "pk": 20, "fields": {"created_at": "2023-11-04T14:32:38.804", "user": 2}}, {"model": "planetarium.reservation", "pk": 21, "fields": {"created_at": "2023-11-04T14:32:44.637", "user": 2}}, {"model": "planetarium.reservation", "pk": 22, "fields": {"created_at": "2023-11-04T14:32:51.006", "user": 2}}, {"model": "planetarium.reservation", "pk": 23, "fields": {"created_at": "2023-11-04T14:32:59.007", "user": 2}}, {"model": "planetarium.showsession", "pk": 1, "fields": {"astronomy_show": 1, "planetarium_dome": 2, "show_time": "2024-02-04T16:30:00"}}, {"model": "planetarium.showsession", "pk": 2, "fields": {"astronomy_show": 1, "planetarium_dome": 2, "show_time": "2024-02-06T19:30:00"}}, {"model": "planetarium.showsession", "pk": 3, "fields": {"astronomy_show": 1, "planetarium_dome": 2, "show_time": "2024-02-08T19:30:00"}}, {"model": "planetarium.showsession", "pk": 4, "fields": {"astronomy_show": 1, "planetarium_dome": 2, "show_time": "2024-02-10T19:30:00"}}, {"model": "planetarium.showsession", "pk": 5, "fields": {"astronomy_show": 2, "planetarium_dome": 1, "show_time": "2024-02-04T20:00:00"}}, {"model": "planetarium.showsession", "pk": 6, "fields": {"astronomy_show": 2, "planetarium_dome": 1, "show_time": "2024-02-06T18:00:00"}}, {"model": "planetarium.showsession", "pk": 7, "fields": {"astronomy_show": 2, "planetarium_dome": 1, "show_time": "2024-02-10T20:00:00"}}, {"model": "planetarium.showsession", "pk": 8, "fields": {"astronomy_show": 2, "planetarium_dome": 1, "show_time": "2024-02-12T18:00:00"}}, {"model": "planetarium.showsession", "pk": 9, "fields": {"astronomy_show": 3, "planetarium_dome": 3, "show_time": "2024-02-02T18:00:00"}}, {"model": "planetarium.showsession", "pk": 10, "fields": {"astronomy_show": 3, "planetarium_dome": 3, "show_time": "2024-02-06T18:00:00"}}, {"model": "planetarium.showsession", "pk": 11, "fields": {"astronomy_show": 3, "planetarium_dome": 3, "show_time": "2024-02-08T18:00:00"}}, {"model": "planetarium.showsession", "pk": 12, "fields": {"astronomy_show": 3, "planetarium_dome": 3, "show_time": "2024-02-19T18:00:00"}}, {"model": "planetarium.showsession", "pk": 13, "fields": {"astronomy_show": 4, "planetarium_dome": 3, "show_time": "2024-02-20T18:00:00"}}, {"model": "planetarium.showsession", "pk": 14, "fields": {"astronomy_show": 4, "planetarium_dome": 3, "show_time": "2024-03-20T18:00:00"}}, {"model": "planetarium.showsession", "pk": 15, "fields": {"astronomy_show": 4, "planetarium_dome": 3, "show_time": "2024-03-22T18:00:00"}}, {"model": "planetarium.showsession", "pk": 16, "fields": {"astronomy_show": 4, "planetarium_dome": 3, "show_time": "2024-03-24T16:00:00"}}, {"model": "planetarium.showsession", "pk": 17, "fields": {"astronomy_show": 5, "planetarium_dome": 2, "show_time": "2024-03-03T20:00:00"}}, {"model": "planetarium.showsession", "pk": 18, "fields": {"astronomy_show": 5, "planetarium_dome": 2, "show_time": "2024-03-05T20:00:00"}}, {"model": "planetarium.showsession", "pk": 19, "fields": {"astronomy_show": 5, "planetarium_dome": 2, "show_time": "2024-03-10T20:00:00"}}, {"model": "planetarium.showsession", "pk": 20, "fields": {"astronomy_show": 6, "planetarium_dome": 1, "show_time": "2024-04-10T20:00:00"}}, {"model": "planetarium.showsession", "pk": 21, "fields": {"astronomy_show": 6, "planetarium_dome": 1, "show_time": "2024-04-12T20:00:00"}}, {"model": "planetarium.showsession", "pk": 22, "fields": {"astronomy_show": 6, "planetarium_dome": 1, "show_time": "2024-04-14T20:00:00"}}, {"model": "planetarium.showsession", "pk": 23, "fields": {"astronomy_show": 6, "planetarium_dome": 1, "show_time": "2024-04-16T20:00:00"}}, {"model": "planetarium.ticket", "pk": 1, "fields": {"show_session": 1, "reservation": 1, "row": 3, "seat": 6}}, {"model": "planetarium.ticket", "pk": 2, "fields": {"show_session": 2, "reservation": 2, "row": 4, "seat": 6}}, {"model": "planetarium.ticket", "pk": 3, "fields": {"show_session": 2, "reservation": 2, "row": 4, "seat": 5}}, {"model": "planetarium.ticket", "pk": 4, "fields": {"show_session": 4, "reservation": 3, "row": 5, "seat": 5}}, {"model": "planetarium.ticket", "pk": 5, "fields": {"show_session": 4, "reservation": 3, "row": 5, "seat": 6}}, {"model": "planetarium.ticket", "pk": 6, "fields": {"show_session": 5, "reservation": 4, "row": 5, "seat": 5}}, {"model": "planetarium.ticket", "pk": 7, "fields": {"show_session": 5, "reservation": 4, "row": 5, "seat": 6}}, {"model": "planetarium.ticket", "pk": 8, "fields": {"show_session": 7, "reservation": 5, "row": 5, "seat": 5}}, {"model": "planetarium.ticket", "pk": 9, "fields": {"show_session": 7, "reservation": 5, "row": 5, "seat": 6}}, {"model": "planetarium.ticket", "pk": 10, "fields": {"show_session": 19, "reservation": 6, "row": 5, "seat": 5}}, {"model": "planetarium.ticket", "pk": 11, "fields": {"show_session": 19, "reservation": 6, "row": 5, "seat": 6}}, {"model": "planetarium.ticket", "pk": 12, "fields": {"show_session": 15, "reservation": 7, "row": 5, "seat": 5}}, {"model": "planetarium.ticket", "pk": 13, "fields": {"show_session": 15, "reservation": 7, "row": 5, "seat": 6}}, {"model": "planetarium.ticket", "pk": 14, "fields": {"show_session": 11, "reservation": 8, "row": 5, "seat": 5}}, {"model": "planetarium.ticket", "pk": 15, "fields": {"show_session": 11, "reservation": 8, "row": 5, "seat": 6}}, {"model": "planetarium.ticket", "pk": 16, "fields": {"show_session": 23, "reservation": 9, "row": 5, "seat": 5}}, {"model": "planetarium.ticket", "pk": 17, "fields": {"show_session": 23, "reservation": 9, "row": 5, "seat": 6}}, {"model": "planetarium.ticket", "pk": 18, "fields": {"show_session": 18, "reservation": 10, "row": 5, "seat": 5}}, {"model": "planetarium.ticket", "pk": 19, "fields": {"show_session": 18, "reservation": 10, "row": 5, "seat": 6}}, {"model": "planetarium.ticket", "pk": 20, "fields": {"show_session": 21, "reservation": 11, "row": 5, "seat": 5}}, {"model": "planetarium.ticket", "pk": 21, "fields": {"show_session": 21, "reservation": 11, "row": 5, "seat": 6}}, {"model": "planetarium.ticket", "pk": 22, "fields": {"show_session": 1, "reservation": 12, "row": 4, "seat": 5}}, {"model": "planetarium.ticket", "pk": 23, "fields": {"show_session": 1, "reservation": 12, "row": 4, "seat": 6}}, {"model": "planetarium.ticket", "pk": 24, "fields": {"show_session": 20, "reservation": 13, "row": 3, "seat": 4}}, {"model": "planetarium.ticket", "pk": 25, "fields": {"show_session": 20, "reservation": 13, "row": 3, "seat": 3}}, {"model": "planetarium.ticket", "pk": 26, "fields": {"show_session": 19, "reservation": 14, "row": 3, "seat": 4}}, {"model": "planetarium.ticket", "pk": 27, "fields": {"show_session": 8, "reservation": 15, "row": 3, "seat": 4}}, {"model": "planetarium.ticket", "pk": 28, "fields": {"show_session": 8, "reservation": 15, "row": 3, "seat": 3}}, {"model": "planetarium.ticket", "pk": 29, "fields": {"show_session": 2, "reservation": 16, "row": 3, "seat": 4}}, {"model": "planetarium.ticket", "pk": 30, "fields": {"show_session": 2, "reservation": 16, "row": 3, "seat": 3}}, {"model": "planetarium.ticket", "pk": 31, "fields": {"show_session": 15, "reservation": 17, "row": 3, "seat": 4}}, {"model": "planetarium.ticket", "pk": 32, "fields": {"show_session": 15, "reservation": 17, "row": 3, "seat": 3}}, {"model": "planetarium.ticket", "pk": 33, "fields": {"show_session": 6, "reservation": 18, "row": 3, "seat": 4}}, {"model": "planetarium.ticket", "pk": 34, "fields": {"show_session": 6, "reservation": 18, "row": 3, "seat": 3}}, {"model": "planetarium.ticket", "pk": 35, "fields": {"show_session": 7, "reservation": 19, "row": 3, "seat": 4}}, {"model": "planetarium.ticket", "pk": 36, "fields": {"show_session": 7, "reservation": 19, "row": 3, "seat": 3}}, {"model": "planetarium.ticket", "pk": 37, "fields": {"show_session": 13, "reservation": 20, "row": 3, "seat": 4}}, {"model": "planetarium.ticket", "pk": 38, "fields": {"show_session": 13, "reservation": 20, "row": 3, "seat": 3}}, {"model": "planetarium.ticket", "pk": 39, "fields": {"show_session": 11, "reservation": 21, "row": 3, "seat": 4}}, {"model": "planetarium.ticket", "pk": 40, "fields": {"show_session": 11, "reservation": 21, "row": 3, "seat": 3}}, {"model": "planetarium.ticket", "pk": 41, "fields": {"show_session": 4, "reservation": 22, "row": 3, "seat": 4}}, {"model": "planetarium.ticket", "pk": 42, "fields": {"show_session": 4, "reservation": 22, "row": 3, "seat": 3}}, {"model": "planetarium.ticket", "pk": 43, "fields": {"show_session": 16, "reservation": 23, "row": 3, "seat": 4}}, {"model": "planetarium.ticket", "pk": 44, "fields": {"show_session": 16, "reservation": 23, "row": 3, "seat": 3}}, {"model": "user.user", "pk": 1, "fields": {"password": "pbkdf2_sha256$600000$0tQf8T7dt5cnXsrmwHGDeH$gXXxqNJRY8nhKD07niafGiUAdguEuWtZci6I53WFjKI=", "last_login": "2023-11-04T14:33:58.917", "is_superuser": true, "first_name": "", "last_name": "", "is_staff": true, "is_active": true, "date_joined": "2023-11-03T21:50:25.730", "email": "admin@admin.admin", "groups": [], "user_permissions": []}}, {"model": "user.user", "pk": 2, "fields": {"password": "pbkdf2_sha256$600000$iHKB4xVbKI9CPltO6FTBlL$4dO3bgGjApo984MODfTl8RO/+3r7mO2qQ1K/HEyOUm8=", "last_login": null, "is_superuser": false, "first_name": "", "last_name": "", "is_staff": false, "is_active": true, "date_joined": "2023-11-04T14:20:16.841", "email": "john@smith.com", "groups": [], "user_permissions": []}}, {"model": "user.user", "pk": 3, "fields": {"password": "pbkdf2_sha256$600000$uAZncTRG5AdkVASulK3D4J$GYf4qe8s5Ovs2QdUr9GfXsDY1mtry0amL+0WkxCEL9Y=", "last_login": null, "is_superuser": false, "first_name": "", "last_name": "", "is_staff": false, "is_active": true, "date_joined": "2023-11-04T14:20:40.094", "email": "hanna@wilson.com", "groups": [], "user_permissions": []}}]